use job_portal_mgmt;
GO

INSERT INTO reference.usertype_lookup
VALUES
	('Employer'),
	('Applicant')
GO

INSERT INTO access.login_details
VALUES
	('Vedant123',ENCRYPTBYPASSPHRASE('ENCRYPTION_101', 'Vedant123'),'vedantkadam5316@gmail.com','Applicant'),
	('Advait123',ENCRYPTBYPASSPHRASE('ENCRYPTION_101','Advait123'),'advaitnarvekar5316@gmail.com','Applicant'),
	('Adesh123',ENCRYPTBYPASSPHRASE('ENCRYPTION_101','Adesh123'),'adeshmore5316@gmail.com','Applicant'),
	('Jill123',ENCRYPTBYPASSPHRASE('ENCRYPTION_101','Jill123'),'jillkaria5316@gmail.com','Applicant'),
	('Ishika123',ENCRYPTBYPASSPHRASE('ENCRYPTION_101','Ishika123'),'ishikagaikwad5316@gmail.com','Applicant'),
    ('Username2', ENCRYPTBYPASSPHRASE('ENCRYPTION_101', 'Password2'), 'email2@gmail.com', 'Applicant'),
    ('Username3', ENCRYPTBYPASSPHRASE('ENCRYPTION_101', 'Password3'), 'email3@gmail.com', 'Applicant'),
    ('Username4', ENCRYPTBYPASSPHRASE('ENCRYPTION_101', 'Password4'), 'email4@gmail.com', 'Applicant'),
    ('Username5', ENCRYPTBYPASSPHRASE('ENCRYPTION_101', 'Password5'), 'email5@gmail.com', 'Applicant'),
    ('Username6', ENCRYPTBYPASSPHRASE('ENCRYPTION_101', 'Password6'), 'email6@gmail.com', 'Applicant'),
    ('Username7', ENCRYPTBYPASSPHRASE('ENCRYPTION_101', 'Password7'), 'email7@gmail.com', 'Applicant'),
    ('Username8', ENCRYPTBYPASSPHRASE('ENCRYPTION_101', 'Password8'), 'email8@gmail.com', 'Applicant'),
    ('Username9', ENCRYPTBYPASSPHRASE('ENCRYPTION_101', 'Password9'), 'email9@gmail.com', 'Applicant'),
    ('Username10', ENCRYPTBYPASSPHRASE('ENCRYPTION_101', 'Password10'), 'email10@gmail.com', 'Applicant'),
    ('Username11', ENCRYPTBYPASSPHRASE('ENCRYPTION_101', 'Password11'), 'email11@gmail.com', 'Applicant'),
    ('Username12', ENCRYPTBYPASSPHRASE('ENCRYPTION_101', 'Password12'), 'email12@gmail.com', 'Applicant'),
    ('Username13', ENCRYPTBYPASSPHRASE('ENCRYPTION_101', 'Password13'), 'email13@gmail.com', 'Applicant'),
    ('Username14', ENCRYPTBYPASSPHRASE('ENCRYPTION_101', 'Password14'), 'email14@gmail.com', 'Applicant'),
    ('Username15', ENCRYPTBYPASSPHRASE('ENCRYPTION_101', 'Password15'), 'email15@gmail.com', 'Applicant'),
    ('Username16', ENCRYPTBYPASSPHRASE('ENCRYPTION_101', 'Password16'), 'email16@gmail.com', 'Applicant'),
    ('Username17', ENCRYPTBYPASSPHRASE('ENCRYPTION_101', 'Password17'), 'email17@gmail.com', 'Applicant'),
    ('Username18', ENCRYPTBYPASSPHRASE('ENCRYPTION_101', 'Password18'), 'email18@gmail.com', 'Applicant'),
    ('Username19', ENCRYPTBYPASSPHRASE('ENCRYPTION_101', 'Password19'), 'email19@gmail.com', 'Applicant'),
    ('Username20', ENCRYPTBYPASSPHRASE('ENCRYPTION_101', 'Password20'), 'email20@gmail.com', 'Applicant'),
    ('Username21', ENCRYPTBYPASSPHRASE('ENCRYPTION_101', 'Password21'), 'email21@gmail.com', 'Applicant'),
    ('Username22', ENCRYPTBYPASSPHRASE('ENCRYPTION_101', 'Password22'), 'email22@gmail.com', 'Applicant'),
    ('Username23', ENCRYPTBYPASSPHRASE('ENCRYPTION_101', 'Password23'), 'email23@gmail.com', 'Applicant'),
    ('Username24', ENCRYPTBYPASSPHRASE('ENCRYPTION_101', 'Password24'), 'email24@gmail.com', 'Applicant'),
    ('Username25', ENCRYPTBYPASSPHRASE('ENCRYPTION_101', 'Password25'), 'email25@gmail.com', 'Applicant'),
    ('Username26', ENCRYPTBYPASSPHRASE('ENCRYPTION_101', 'Password26'), 'email26@gmail.com', 'Applicant'),
    ('Username27', ENCRYPTBYPASSPHRASE('ENCRYPTION_101', 'Password27'), 'email27@gmail.com', 'Applicant'),
    ('Username28', ENCRYPTBYPASSPHRASE('ENCRYPTION_101', 'Password28'), 'email28@gmail.com', 'Applicant'),
    ('Username29', ENCRYPTBYPASSPHRASE('ENCRYPTION_101', 'Password29'), 'email29@gmail.com', 'Applicant'),
    ('Username30', ENCRYPTBYPASSPHRASE('ENCRYPTION_101', 'Password30'), 'email30@gmail.com', 'Applicant'),
    ('Username31', ENCRYPTBYPASSPHRASE('ENCRYPTION_101', 'Password31'), 'email31@gmail.com', 'Applicant'),
    ('Username32', ENCRYPTBYPASSPHRASE('ENCRYPTION_101', 'Password32'), 'email32@gmail.com', 'Applicant'),
    ('Username33', ENCRYPTBYPASSPHRASE('ENCRYPTION_101', 'Password33'), 'email33@gmail.com', 'Applicant'),
    ('Username34', ENCRYPTBYPASSPHRASE('ENCRYPTION_101', 'Password34'), 'email34@gmail.com', 'Applicant'),
    ('Username35', ENCRYPTBYPASSPHRASE('ENCRYPTION_101', 'Password35'), 'email35@gmail.com', 'Applicant'),
    ('Username36', ENCRYPTBYPASSPHRASE('ENCRYPTION_101', 'Password36'), 'email36@gmail.com', 'Applicant'),
    ('Username37', ENCRYPTBYPASSPHRASE('ENCRYPTION_101', 'Password37'), 'email37@gmail.com', 'Applicant'),
    ('Username38', ENCRYPTBYPASSPHRASE('ENCRYPTION_101', 'Password38'), 'email38@gmail.com', 'Applicant'),
    ('Username39', ENCRYPTBYPASSPHRASE('ENCRYPTION_101', 'Password39'), 'email39@gmail.com', 'Applicant'),
    ('Username40', ENCRYPTBYPASSPHRASE('ENCRYPTION_101', 'Password40'), 'email40@gmail.com', 'Applicant'),
    ('Username41', ENCRYPTBYPASSPHRASE('ENCRYPTION_101', 'Password41'), 'email41@gmail.com', 'Applicant'),
    ('Username42', ENCRYPTBYPASSPHRASE('ENCRYPTION_101', 'Password42'), 'email42@gmail.com', 'Applicant'),
    ('Username43', ENCRYPTBYPASSPHRASE('ENCRYPTION_101', 'Password43'), 'email43@gmail.com', 'Applicant'),
    ('Username44', ENCRYPTBYPASSPHRASE('ENCRYPTION_101', 'Password44'), 'email44@gmail.com', 'Applicant'),
    ('Username45', ENCRYPTBYPASSPHRASE('ENCRYPTION_101', 'Password45'), 'email45@gmail.com', 'Applicant'),
	('Username46', ENCRYPTBYPASSPHRASE('ENCRYPTION_101', 'Password46'), 'email46@gmail.com', 'Applicant')
GO

INSERT INTO jobseeker.applicants 
VALUES
	('Vedant','A','Kadam','vedantkadam5316@gmail.com',3152388031,NULL,'2000-11-13'),
	('Advait','M','Narvekar','advaitnarvekar5316@gmail.com',3152388032,NULL,'1999-02-19'),
	('Adesh','S','More','adeshmore5316@gmail.com',3152388033,NULL,'1998-05-03'),
	('Jill','D','Karia','jillkaria5316@gmail.com',3152388034,NULL,'2001-09-24'),
	('Ishika','S','Gaikwad','ishikagaikwad5316@gmail.com',3152388035,NULL,'1999-06-27'),
    ('Username2', 'B', 'LastName2', 'email2@gmail.com', '5551111111', NULL, '1990-05-20'),
    ('Username3', 'C', 'LastName3', 'email3@gmail.com', '5552222222', NULL, '1985-12-08'),
    ('Username4', 'D', 'LastName4', 'email4@gmail.com', '5553333333', NULL, '1995-01-01'),
    ('Username5', 'E', 'LastName5', 'email5@gmail.com', '5554444444', NULL, '1985-07-14'),
    ('Username6', 'F', 'LastName6', 'email6@gmail.com', '5555555555', NULL, '1998-12-31'),
    ('Username7', 'G', 'LastName7', 'email7@gmail.com', '5556666666', NULL, '1988-03-15'),
    ('Username8', 'H', 'LastName8', 'email8@gmail.com', '5557777777', NULL, '1992-09-25'),
    ('Username9', 'I', 'LastName9', 'email9@gmail.com', '5558888888', NULL, '1987-07-11'),
    ('Username10', 'J', 'LastName10', 'email10@gmail.com', '5559999999', NULL, '1996-04-30'),
    ('Username11', 'K', 'LastName11', 'email11@gmail.com', '5551010101', NULL, '1998-02-18'),
    ('Username12', 'L', 'LastName12', 'email12@gmail.com', '5551111110', NULL, '1993-11-05'),
    ('Username13', 'M', 'LastName13', 'email13@gmail.com', '5551212121', NULL, '1989-08-15'),
    ('Username14', 'N', 'LastName14', 'email14@gmail.com', '5551313131', NULL, '1991-06-22'),
    ('Username15', 'O', 'LastName15', 'email15@gmail.com', '5551414141', NULL, '1994-03-10'),
    ('Username16', 'P', 'LastName16', 'email16@gmail.com', '5551515151', NULL, '1997-01-29'),
    ('Username17', 'Q', 'LastName17', 'email17@gmail.com', '5551616161', NULL, '1990-09-13'),
    ('Username18', 'R', 'LastName18', 'email18@gmail.com', '5551717171', NULL, '1995-05-31'),
    ('Username19', 'S', 'LastName19', 'email19@gmail.com', '5551818181', NULL, '1988-04-17'),
    ('Username20', 'T', 'LastName20', 'email20@gmail.com', '5551919191', NULL, '1992-12-04'),
    ('Username21', 'U', 'LastName21', 'email21@gmail.com', '5552020202', NULL, '1996-10-22'),
    ('Username22', 'V', 'LastName22', 'email22@gmail.com', '5552121212', NULL, '1986-08-07'),
    ('Username23', 'W', 'LastName23', 'email23@gmail.com', '5552222210', NULL, '1998-06-14'),
    ('Username24', 'X', 'LastName24', 'email24@gmail.com', '5552323232', NULL, '1989-03-30'),
    ('Username25', 'Y', 'LastName25', 'email25@gmail.com', '5552424242', NULL, '1997-12-17'),
    ('Username26', 'Z', 'LastName26', 'email26@gmail.com', '5552525252', NULL, '1991-10-03'),
    ('Username27', 'A', 'LastName27', 'email27@gmail.com', '5552626262', NULL, '1995-07-20'),
    ('Username28', 'B', 'LastName28', 'email28@gmail.com', '5552727272', NULL, '1987-04-05'),
    ('Username29', 'C', 'LastName29', 'email29@gmail.com', '5552828282', NULL, '1993-01-23'),
    ('Username30', 'D', 'LastName30', 'email30@gmail.com', '5552929292', NULL, '1998-11-09'),
    ('Username31', 'E', 'LastName31', 'email31@gmail.com', '5553030303', NULL, '1986-09-26'),
    ('Username32', 'F', 'LastName32', 'email32@gmail.com', '5553131313', NULL, '1994-07-14'),
    ('Username33', 'G', 'LastName33', 'email33@gmail.com', '5553232323', NULL, '1990-05-01'),
    ('Username34', 'H', 'LastName34', 'email34@gmail.com', '5553333337', NULL, '1996-02-17'),
    ('Username35', 'I', 'LastName35', 'email35@gmail.com', '5553434343', NULL, '1988-12-05'),
    ('Username36', 'J', 'LastName36', 'email36@gmail.com', '5553535353', NULL, '1992-10-22'),
    ('Username37', 'K', 'LastName37', 'email37@gmail.com', '5553636363', NULL, '1997-08-10'),
    ('Username38', 'L', 'LastName38', 'email38@gmail.com', '5553737373', NULL, '1989-06-27'),
    ('Username39', 'M', 'LastName39', 'email39@gmail.com', '5553838383', NULL, '1994-04-14'),
    ('Username40', 'N', 'LastName40', 'email40@gmail.com', '5553939393', NULL, '1986-01-31'),
    ('Username41', 'O', 'LastName41', 'email41@gmail.com', '5554040404', NULL, '1991-11-18'),
    ('Username42', 'P', 'LastName42', 'email42@gmail.com', '5554141414', NULL, '1995-09-04'),
    ('Username43', 'Q', 'LastName43', 'email43@gmail.com', '5554242424', NULL, '1987-06-21'),
    ('Username44', 'R', 'LastName44', 'email44@gmail.com', '5554343434', NULL, '1993-04-08'),
    ('Username45', 'S', 'LastName45', 'email45@gmail.com', '5554444400', NULL, '1998-01-25'),
	('Username46', 'S', 'LastName46', 'email46@gmail.com', '5554444401', NULL, '1997-01-29')
GO

INSERT INTO reference.states_lookup 
VALUES 
	('New York'),
	('New Jersey'),
	('California'),
	('Florida'),
	('Texas')
GO

INSERT INTO reference.cities_lookup
VALUES
	('SYRACUSE',1),
	('ALBANY', 1),
	('BINGHAMTON', 1),
	('SAN FRANCISCO', 3),
	('SAN JOSE', 3),
	('LOS ANGELES', 3),
	('AUSTIN', 5),
	('DALLAS', 5)
GO

INSERT INTO reference.pincode_lookup
VALUES
	(1000,1),
	(1001,1),
	(1002,1),
	(1003,1),
	(1140,2),
	(1141,2),
	(1143,2),
	(1250,3),
	(1251,3),
	(1252,3),
	(1890,4),
	(1891,4),
	(1892,4),
	(1893,4)
GO

INSERT INTO reference.skills_lookup
VALUES
	('Python'),
	('Project Management'),
	('SQL'),
	('R'),
	('Java'),
	('Machine Learning'),
	('Big Data'),
	('Visual Analytics')
GO

INSERT INTO reference.degree_type_lookup
VALUES
	('PhD'),
	('Masters'),
	('Bachelors'),
	('HighSchool'),
	('School')
GO

INSERT INTO reference.course_lookup
VALUES
	('Management Information System'),
	('Applied Data Science'),
	('Computer Engineering'),
	('Civil Engineering'),
	('Business Analytics'),
	('Engineering Management'),
	('Artificial Intelligence and Machine Learning'),
    ('Digital Marketing Strategy'),
    ('Environmental Science'),
    ('Sustainable Architecture'),
	('Financial Accounting'),
    ('Human Resource Management'),
    ('Graphic Design'),
    ('Mobile App Development'),
    ('Data Analytics for Business'),
    ('Healthcare Management'),
    ('International Business'),
    ('Web Development'),
    ('Cybersecurity'),
    ('Software Engineering'),
    ('Marketing Analytics'),
    ('Environmental Engineering'),
    ('Project Management'),
    ('Social Media Marketing'),
    ('Biomedical Engineering'),
    ('Data Visualization'),
    ('Mechanical Engineering'),
    ('Entrepreneurship'),
    ('Supply Chain Management'),
    ('Game Design and Development'),
    ('Data Science for Healthcare'),
    ('Electrical Engineering'),
    ('Business Ethics'),
    ('User Experience Design'),
    ('Advanced Statistics'),
    ('Digital Art and Animation'),
    ('Business Strategy'),
    ('Information Systems Security'),
    ('Marketing Management'),
    ('Aerospace Engineering'),
    ('Cloud Computing'),
    ('Strategic Management'),
    ('Creative Writing'),
    ('Industrial Engineering'),
    ('E-commerce Management'),
    ('Robotics and Automation'),
    ('Financial Planning'),
    ('Computer Graphics'),
    ('International Relations'),
	('Psychology Studies')
GO

INSERT INTO jobseeker.applicant_experiences
VALUES
	('Data Engineer','Google','2004-08-18','2006-04-22','I was working in this company as a senior Data engineer',1),
	('Data Analyst','Cognizant','2009-11-29','2010-04-11','I was working in this company as a Data Analyst',2),
	('Business Analyst','Microsoft','2013-01-08','2019-07-07','I was working in this company as a Business Analyst',3),
	('Software Developer','Accenture','2004-05-18','2006-02-16','I was working in this company as a software developer',4),
	('Web Developer','TCS','2018-08-13','2022-12-20','I was working in this company as a Web Developer',5),
    ('Software Engineer', 'ABC Inc', '2019-05-10', '2023-02-15', 'Developed software applications and maintained codebase', 6),
    ('Data Analyst', 'XYZ Corp', '2020-02-22', '2023-11-30', 'Analyzed data to provide insights and recommendations', 7),
    ('Product Manager', 'Tech Solutions', '2017-12-01', '2021-07-05', 'Managed product development and roadmaps', 8),
    ('Graphic Designer', 'Creative Designs', '2019-09-08', '2022-08-12', 'Designed graphics and visuals for marketing campaigns', 9),
    ('Marketing Specialist', 'Global Marketing', '2020-11-20', '2023-09-25', 'Executed marketing strategies and campaigns', 10),
    ('Financial Analyst', 'Finance World', '2018-04-15', '2022-05-18', 'Analyzed financial data and prepared reports', 11),
    ('HR Manager', 'HR Solutions', '2017-07-03', '2021-10-09', 'Managed human resources and talent acquisition', 12),
    ('Sales Representative', 'Sales Pro', '2019-01-25', '2023-03-10', 'Sold products and services to clients', 13),
    ('Project Manager', 'Project Masters', '2018-06-14', '2022-09-20', 'Managed projects and teams for successful delivery', 14),
    ('Accountant', 'Accounting Firm', '2020-03-05', '2023-12-15', 'Handled financial accounts and audits', 15),
    ('IT Support Specialist', 'Tech Solutions', '2019-08-10', '2023-06-28', 'Provided technical support and troubleshooting', 16),
    ('UX/UI Designer', 'Digital Designs', '2020-09-03', '2023-11-05', 'Designed user interfaces and improved user experience', 17),
    ('Content Writer', 'Content Creations', '2018-11-12', '2022-10-17', 'Created content for various platforms', 18),
    ('Network Engineer', 'Network Systems', '2019-07-08', '2023-04-14', 'Managed network infrastructure and security', 19),
    ('Customer Service Representative', 'Service Solutions', '2020-05-30', '2023-08-20', 'Assisted customers and resolved inquiries', 20),
    ('Quality Assurance Tester', 'QualityTech', '2018-02-28', '2022-07-15', 'Ensured software quality through testing', 21),
    ('Research Analyst', 'Research Insights', '2017-06-19', '2021-09-24', 'Conducted market and industry research', 22),
    ('Legal Counsel', 'Legal Advisors', '2019-04-07', '2023-03-01', 'Provided legal advice and representation', 23),
    ('Supply Chain Manager', 'Supply Chain Experts', '2018-09-22', '2022-12-10', 'Managed supply chain operations', 24),
    ('Event Planner', 'Event Excellence', '2020-12-10', '2023-10-05', 'Planned and executed events and conferences', 25),
    ('Architect', 'Architectural Designs', '2019-03-15', '2023-01-28', 'Designed architectural structures and plans', 26),
    ('Nurse', 'Healthcare Services', '2018-01-05', '2022-05-20', 'Provided healthcare services and patient care', 27),
    ('Chef', 'Culinary Delights', '2020-10-18', '2023-08-15', 'Prepared and cooked gourmet dishes', 28),
    ('Mechanical Engineer', 'Engineering Solutions', '2017-05-02', '2021-08-07', 'Engineered mechanical systems and products', 29),
    ('Teacher', 'Education Academy', '2018-07-12', '2022-06-25', 'Instructed students in various subjects', 30),
    ('Social Media Manager', 'Social Media Hub', '2020-08-28', '2023-07-10', 'Managed social media presence and campaigns', 31),
    ('Research Scientist', 'Scientific Research', '2019-02-17', '2023-04-30', 'Conducted scientific experiments and studies', 32),
    ('Financial Advisor', 'Financial Services', '2018-03-08', '2022-09-15', 'Provided financial advice and planning', 33),
    ('Interior Designer', 'Interior Creations', '2020-07-05', '2023-11-20', 'Designed interior spaces and layouts', 34),
    ('Electrical Engineer', 'Electrical Solutions', '2017-09-30', '2021-12-05', 'Engineered electrical systems and projects', 35),
    ('Librarian', 'Library Services', '2018-10-14', '2022-07-30', 'Managed library resources and services', 36),
    ('Fashion Designer', 'Fashion Creations', '2020-01-08', '2023-09-18', 'Designed fashion collections and garments', 37),
    ('Fitness Trainer', 'Fitness Center', '2019-12-01', '2023-05-12', 'Provided fitness training and coaching', 38),
    ('Mechanic', 'Auto Repairs', '2018-04-25', '2022-08-28', 'Performed automotive repairs and maintenance', 39),
    ('Photographer', 'Photography Studio', '2019-11-22', '2023-07-07', 'Captured photographs for various events', 40),
    ('Dental Hygienist', 'Dental Care', '2017-08-11', '2021-10-30', 'Provided dental hygiene and patient care', 41),
    ('Artist', 'Art Studio', '2018-06-06', '2022-05-15', 'Created artworks and exhibited in galleries', 42),
    ('Customer Support Specialist', 'Support Solutions', '2020-02-14', '2023-11-28', 'Assisted customers with technical support', 43),
    ('Biomedical Engineer', 'Biomedical Solutions', '2019-08-03', '2023-06-10', 'Designed biomedical devices and systems', 44),
    ('Pharmacist', 'Pharmacy Services', '2018-07-30', '2022-12-12', 'Dispensed medications and provided pharmaceutical care', 45),
    ('Translator', 'Language Translations', '2020-04-19', '2023-10-24', 'Translated documents and content in multiple languages', 46),
    ('Environmental Scientist', 'Environmental Research', '2017-12-27', '2021-09-05', 'Conducted environmental research and studies', 47),
	('Automobile Engineer', 'BMW', '2017-12-24', '2021-09-04', 'Conducted Engine research and studies', 48),
	('Electronics Engineer', 'KGP', '2017-12-07', '2021-09-14', 'Designed Electronic devices', 49),
	('Physician', 'MGM', '2017-12-24', '2021-09-04', 'Practiced medicine', 50)
GO

INSERT INTO jobseeker.applicant_education
VALUES
	(2,1,'Yes','2020-07-12','2023-05-22',1),
    (2,2,'Yes','2017-07-12','2021-05-15',2),
    (2,3,'Yes','2018-07-12','2022-05-04',3),
    (2,4,'Yes','2019-07-12','2023-05-19',4),
    (2,5,'Yes','2018-07-12','2022-05-07',5),
    (2, 6, 'Yes', '2020-07-12', '2023-05-22', 6),
    (2, 7, 'Yes', '2017-07-12', '2021-05-15', 7),
    (2, 8, 'Yes', '2018-07-12', '2022-05-04', 8),
    (2, 9, 'Yes', '2019-07-12', '2023-05-19', 9),
    (2, 10, 'Yes', '2018-07-12', '2022-05-07', 10),
    (2, 11, 'Yes', '2020-06-01', '2023-04-15', 11),
    (2, 12, 'Yes', '2017-08-15', '2021-06-20', 12),
    (2, 13, 'Yes', '2018-09-20', '2022-07-25', 13),
    (2, 14, 'Yes', '2019-10-10', '2023-08-05', 14),
    (2, 15, 'Yes', '2018-11-05', '2022-09-30', 15),
    (2, 16, 'Yes', '2020-05-12', '2023-03-24', 16),
    (2, 17, 'Yes', '2017-06-28', '2021-04-10', 17),
    (2, 18, 'Yes', '2018-07-01', '2022-04-15', 18),
    (2, 19, 'Yes', '2019-08-15', '2023-07-22', 19),
    (2, 20, 'Yes', '2018-09-10', '2022-07-30', 20),
    (2, 21, 'Yes', '2020-04-20', '2023-02-28', 21),
    (2, 22, 'Yes', '2017-05-10', '2021-03-15', 22),
    (2, 23, 'Yes', '2018-06-05', '2022-02-20', 23),
    (2, 24, 'Yes', '2019-07-20', '2023-06-10', 24),
    (2, 25, 'Yes', '2018-08-25', '2022-05-30', 25),
    (2, 26, 'Yes', '2020-03-15', '2023-01-28', 26),
    (2, 27, 'Yes', '2017-04-28', '2021-02-10', 27),
    (2, 28, 'Yes', '2018-05-20', '2022-01-05', 28),
    (2, 29, 'Yes', '2019-06-15', '2023-05-15', 29),
    (2, 30, 'Yes', '2018-07-10', '2022-04-25', 30),
    (2, 31, 'Yes', '2020-02-04', '2022-12-20', 31),
    (2, 32, 'Yes', '2017-03-10', '2021-11-15', 32),
    (2, 33, 'Yes', '2018-04-05', '2022-10-04', 33),
    (2, 34, 'Yes', '2019-05-12', '2023-09-19', 34),
    (2, 35, 'Yes', '2018-06-18', '2022-08-07', 35),
    (2, 36, 'Yes', '2020-01-15', '2022-11-28', 36),
    (2, 37, 'Yes', '2017-02-20', '2021-10-25', 37),
    (2, 38, 'Yes', '2018-03-25', '2022-09-30', 38),
    (2, 39, 'Yes', '2019-04-10', '2023-08-15', 39),
    (2, 40, 'Yes', '2018-05-05', '2022-07-10', 40),
    (2, 41, 'Yes', '2020-11-20', '2023-09-05', 41),
    (2, 42, 'Yes', '2017-12-12', '2021-08-25', 42),
    (2, 43, 'Yes', '2018-01-05', '2022-07-22', 43),
    (2, 44, 'Yes', '2019-02-15', '2023-11-09', 44),
    (2, 45, 'Yes', '2018-03-20', '2022-10-14', 45),
	(2, 46, 'Yes', '2020-09-15', '2023-07-28', 46),
    (2, 47, 'Yes', '2017-10-10', '2021-06-25', 47),
    (2, 48, 'Yes', '2018-11-05', '2022-08-20', 48),
    (2, 49, 'Yes', '2019-12-20', '2023-09-15', 49),
    (2, 50, 'Yes', '2019-02-28', '2023-12-05', 50)
GO

INSERT INTO jobseeker.applicant_skills
VALUES 
    (1,1),
    (2,1),
    (3,1),
    (4,1),
    (1,2),
    (2,2),
    (3,2),
    (4,2),
    (5,2),
    (1,3),
    (2,3),
    (3,3),
    (4,3),
    (1,4),
    (2,4),
    (3,4),
    (1,5),
    (2,5),
    (3,5),
    (4,5),
	(1,6),
	(2,6),
	(3,6),
	(4,6),
	(1,7),
	(2,7),
	(3,7),
	(1, 8),
    (2, 8),
    (3, 8),
    (4, 8),
    (5, 8),
    (1, 9),
    (2, 9),
    (3, 9),
    (4, 9),
    (1, 10),
    (2, 10),
    (3, 10),
    (4, 10),
    (5, 10),
    (1, 11),
    (2, 11),
    (3, 11),
    (4, 11),
    (1, 12),
    (2, 12),
    (3, 12),
    (4, 12),
    (1, 13),
    (2, 13),
    (3, 13),
    (4, 13),
    (1, 14),
    (2, 14),
    (3, 14),
    (1, 15),
    (2, 15),
    (3, 15),
    (4, 15),
    (1, 16),
    (2, 16),
    (3, 16),
    (4, 16),
    (5, 16),
    (1, 17),
    (2, 17),
    (3, 17),
    (4, 17),
    (1, 18),
    (2, 18),
    (3, 18),
    (4, 18),
    (1, 19),
    (2, 19),
    (3, 19),
    (4, 19),
    (1, 20),
    (2, 20),
    (3, 20),
    (4, 20),
    (5, 20),
    (1, 21),
    (2, 21),
    (3, 21),
    (4, 21),
    (1, 22),
    (2, 22),
    (3, 22),
    (4, 22),
    (1, 23),
    (2, 23),
    (3, 23),
    (1, 24),
    (2, 24),
    (3, 24),
    (4, 24),
    (1, 25),
    (2, 25),
    (3, 25),
    (4, 25),
    (5, 25),
    (1, 26),
    (2, 26),
    (3, 26),
    (4, 26),
    (1, 27),
    (2, 27),
    (3, 27),
    (4, 27),
    (1, 28),
    (2, 28),
    (3, 28),
    (4, 28),
    (1, 29),
    (2, 29),
    (3, 29),
    (4, 29),
    (1, 30),
    (2, 30),
    (3, 30),
    (4, 30),
    (5, 30),
    (1, 31),
    (2, 31),
    (3, 31),
    (4, 31),
    (1, 32),
    (2, 32),
    (3, 32),
    (4, 32),
    (1, 33),
    (2, 33),
    (3, 33),
    (1, 34),
    (2, 34),
    (3, 34),
    (4, 34),
    (1, 35),
    (2, 35),
    (3, 35),
    (4, 35),
    (5, 35),
    (1, 36),
    (2, 36),
    (3, 36),
    (4, 36),
    (1, 37),
    (2, 37),
    (3, 37),
    (4, 37),
    (1, 38),
    (2, 38),
    (3, 38),
    (4, 38),
    (1, 39),
    (2, 39),
    (3, 39),
    (4, 39),
    (1, 40),
    (2, 40),
    (3, 40),
    (4, 40),
    (5, 40),
    (1, 41),
    (2, 41),
    (3, 41),
    (4, 41),
    (1, 42),
    (2, 42),
    (3, 42),
    (4, 42),
    (1, 43),
    (2, 43),
    (3, 43),
    (1, 44),
    (2, 44),
    (3, 44),
    (4, 44),
    (1, 45),
    (2, 45),
    (3, 45),
    (4, 45),
    (5, 45),
    (1, 46),
    (2, 46),
    (3, 46),
    (4, 46),
    (1, 47),
    (2, 47),
    (3, 47),
    (4, 47),
    (1, 48),
    (2, 48),
    (3, 48),
    (4, 48),
    (1, 49),
    (2, 49),
    (3, 49),
    (4, 49),
    (1, 50),
    (2, 50),
    (3, 50),
    (4, 50),
    (5, 50)
GO

INSERT INTO jobseeker.applicant_address
VALUES
    ('Miles','210',1,1,1,1),
    ('Achkerman','899',1,1,1,2),
    ('Lancaster','112',1,1,1,3),
    ('Maryland','534',1,1,1,4),
    ('Westcott','756',1,1,1,5),
	('Maple Street','123',1,1,1,6),
	('Oak Avenue','456',1,1,1,7),
	('Pine Road','789',1,1,1,8),
	('Cedar Lane','234',1,1,1,9),
	('Elm Drive','567',1,1,1,10),
	('Birch Boulevard','890',1,1,1,11),
	('Willow Way','678',1,1,1,12),
	('Main Street','123',1,1,1,13),
	('First Avenue','456',1,1,1,14),
	('Second Road','789',1,1,1,15),
	('Third Lane','234',1,1,1,16),
	('Fourth Drive','567',1,1,1,17),
	('Fifth Boulevard','890',1,1,1,18),
	('Sixth Way','678',1,1,1,19),
	('Seventh Street','123',1,1,1,20),
	('Eighth Avenue','456',1,1,1,21),
	('Ninth Road','789',1,1,1,22),
	('Tenth Lane','234',1,1,1,23),
	('Eleventh Drive','567',1,1,1,24),
	('Twelfth Boulevard','890',1,1,1,25),
	('Thirteenth Drive','678',1,1,1,26),
	('Fourteenth Street','123',1,1,1,27),
	('Fifteenth Avenue','456',1,1,1,28),
	('Sixteenth Road','789',1,1,1,29),
	('Seventeenth Lane','234',1,1,1,30),
	('Eighteenth Drive','567',1,1,1,31),
	('Nineteenth Boulevard','890',1,1,1,32),
	('Twentieth Way','678',1,1,1,33),
	('Twenty-First Street','123',1,1,1,34),
	('Twenty-Second Avenue','456',1,1,1,35),
	('Twenty-Third Road','789',1,1,1,36),
	('Twenty-Fourth Lane','234',1,1,1,37),
	('Twenty-Fifth Drive','567',1,1,1,38),
	('Twenty-Sixth Boulevard','890',1,1,1,39),
	('Twenty-Seventh Way','678',1,1,1,40),
	('Twenty-Eighth Street','123',1,1,1,41),
	('Twenty-Ninth Avenue','456',1,1,1,42),
	('Thirtieth Road','789',1,1,1,43),
	('Thirty-First Lane','234',1,1,1,44),
	('Thirty-Second Drive','567',1,1,1,45),
	('Thirty-Third Avenue', '123', 1, 1, 1, 46),
	('Thirty-Fourth Road', '456', 1, 1, 1, 47),
	('Thirty-Fifth Lane', '789', 1, 1, 1, 48),
	('Thirty-Sixth Drive', '234', 1, 1, 1, 49),
	('Thirty-Seventh Street', '567', 1, 1, 1, 50)
GO

INSERT INTO access.login_details 
VALUES
	('John123',ENCRYPTBYPASSPHRASE('ENCRYPTION_101', 'John123'),'john@gmail.com','Employer'),
	('Jack123',ENCRYPTBYPASSPHRASE('ENCRYPTION_101','Jack123'),'jack@gmail.com','Employer'),
	('Lily123',ENCRYPTBYPASSPHRASE('ENCRYPTION_101','Lily123'),'lily@gmail.com','Employer'),
	('Martha123',ENCRYPTBYPASSPHRASE('ENCRYPTION_101','Martha123'),'Martha@gmail.com','Employer'),
	('Matthew123',ENCRYPTBYPASSPHRASE('ENCRYPTION_101','Matthew123'),'Matthew@gmail.com','Employer'),
	('Emily123', ENCRYPTBYPASSPHRASE('ENCRYPTION_101', 'Emily123'), 'emily@gmail.com', 'Employer'),
	('Olivia123', ENCRYPTBYPASSPHRASE('ENCRYPTION_101', 'Olivia123'), 'olivia@gmail.com', 'Employer'),
	('Sophia123', ENCRYPTBYPASSPHRASE('ENCRYPTION_101', 'Sophia123'), 'sophia@gmail.com', 'Employer'),
	('James123', ENCRYPTBYPASSPHRASE('ENCRYPTION_101', 'James123'), 'james@gmail.com', 'Employer'),
	('Benjamin123', ENCRYPTBYPASSPHRASE('ENCRYPTION_101', 'Benjamin123'), 'benjamin@gmail.com', 'Employer'),
	('Lucas123', ENCRYPTBYPASSPHRASE('ENCRYPTION_101', 'Lucas123'), 'lucas@gmail.com', 'Employer'),
	('William23', ENCRYPTBYPASSPHRASE('ENCRYPTION_101', 'William23'), 'william1@gmail.com', 'Employer'),
	('Henry23', ENCRYPTBYPASSPHRASE('ENCRYPTION_101', 'Henry23'), 'henry@gmail.com', 'Employer'),
	('Alexander123', ENCRYPTBYPASSPHRASE('ENCRYPTION_101', 'Alexander123'), 'alexander@gmail.com', 'Employer'),
	('Emma123', ENCRYPTBYPASSPHRASE('ENCRYPTION_101', 'Emma123'), 'emma@gmail.com', 'Employer'),
	('Oliver123', ENCRYPTBYPASSPHRASE('ENCRYPTION_101', 'Oliver123'), 'oliver@gmail.com', 'Employer'),
	('Elijah123', ENCRYPTBYPASSPHRASE('ENCRYPTION_101', 'Elijah123'), 'elijah@gmail.com', 'Employer'),
	('Charlotte123', ENCRYPTBYPASSPHRASE('ENCRYPTION_101', 'Charlotte123'), 'charlotte@gmail.com', 'Employer'),
	('Liam23', ENCRYPTBYPASSPHRASE('ENCRYPTION_101', 'Liam23'), 'liam@gmail.com', 'Employer'),
	('Ava123', ENCRYPTBYPASSPHRASE('ENCRYPTION_101', 'Ava123'), 'ava@gmail.com', 'Employer'),
	('Harper23', ENCRYPTBYPASSPHRASE('ENCRYPTION_101', 'Harper23'), 'harper@gmail.com', 'Employer'),
	('Mia123', ENCRYPTBYPASSPHRASE('ENCRYPTION_101', 'Mia123'), 'mia@gmail.com', 'Employer'),
	('Evelyn23', ENCRYPTBYPASSPHRASE('ENCRYPTION_101', 'Evelyn23'), 'evelyn@gmail.com', 'Employer'),
	('Abigail123', ENCRYPTBYPASSPHRASE('ENCRYPTION_101', 'Abigail123'), 'abigail@gmail.com', 'Employer'),
	('Michael123', ENCRYPTBYPASSPHRASE('ENCRYPTION_101', 'Michael123'), 'michael@gmail.com', 'Employer'),
	('Jameson123', ENCRYPTBYPASSPHRASE('ENCRYPTION_101', 'Jameson123'), 'jameson@gmail.com', 'Employer'),
	('Scarlett123', ENCRYPTBYPASSPHRASE('ENCRYPTION_101', 'Scarlett123'), 'scarlett@gmail.com', 'Employer'),
	('Grace123', ENCRYPTBYPASSPHRASE('ENCRYPTION_101', 'Grace123'), 'grace@gmail.com', 'Employer'),
	('Aiden123', ENCRYPTBYPASSPHRASE('ENCRYPTION_101', 'Aiden123'), 'aiden@gmail.com', 'Employer'),
	('Lucy123', ENCRYPTBYPASSPHRASE('ENCRYPTION_101', 'Lucy123'), 'lucy@gmail.com', 'Employer'),
	('Elizabeth123', ENCRYPTBYPASSPHRASE('ENCRYPTION_101', 'Elizabeth123'), 'elizabeth@gmail.com', 'Employer'),
	('Luke123', ENCRYPTBYPASSPHRASE('ENCRYPTION_101', 'Luke123'), 'luke@gmail.com', 'Employer'),
	('Penelope123', ENCRYPTBYPASSPHRASE('ENCRYPTION_101', 'Penelope123'), 'penelope@gmail.com', 'Employer'),
	('Luna123', ENCRYPTBYPASSPHRASE('ENCRYPTION_101', 'Luna123'), 'luna@gmail.com', 'Employer'),
	('Madison123', ENCRYPTBYPASSPHRASE('ENCRYPTION_101', 'Madison123'), 'madison@gmail.com', 'Employer'),
	('Ella123', ENCRYPTBYPASSPHRASE('ENCRYPTION_101', 'Ella123'), 'ella@gmail.com', 'Employer'),
	('William123', ENCRYPTBYPASSPHRASE('ENCRYPTION_101', 'William123'), 'william@gmail.com', 'Employer'),
	('Aria123', ENCRYPTBYPASSPHRASE('ENCRYPTION_101', 'Aria123'), 'aria@gmail.com', 'Employer'),
	('Sebastian123', ENCRYPTBYPASSPHRASE('ENCRYPTION_101', 'Sebastian123'), 'sebastian@gmail.com', 'Employer'),
	('Avery123', ENCRYPTBYPASSPHRASE('ENCRYPTION_101', 'Avery123'), 'avery@gmail.com', 'Employer'),
	('Jackson123', ENCRYPTBYPASSPHRASE('ENCRYPTION_101', 'Jackson123'), 'jackson@gmail.com', 'Employer'),
	('Mila123', ENCRYPTBYPASSPHRASE('ENCRYPTION_101', 'Mila123'), 'mila@gmail.com', 'Employer'),
	('Grayson123', ENCRYPTBYPASSPHRASE('ENCRYPTION_101', 'Grayson123'), 'grayson@gmail.com', 'Employer'),
	('Evelyn123', ENCRYPTBYPASSPHRASE('ENCRYPTION_101', 'Evelyn123'), 'evelyn1@gmail.com', 'Employer'),
	('Henry123', ENCRYPTBYPASSPHRASE('ENCRYPTION_101', 'Henry123'), 'henry1@gmail.com', 'Employer'),
	('Liam123', ENCRYPTBYPASSPHRASE('ENCRYPTION_101', 'Liam123'), 'liam1@gmail.com', 'Employer'),
	('Nora123', ENCRYPTBYPASSPHRASE('ENCRYPTION_101', 'Nora123'), 'nora@gmail.com', 'Employer'),
	('Harper123', ENCRYPTBYPASSPHRASE('ENCRYPTION_101', 'Harper123'), 'harper1@gmail.com', 'Employer'),
	('Harper189', ENCRYPTBYPASSPHRASE('ENCRYPTION_101', 'Harper189'), 'harper189@gmail.com', 'Employer'),
	('Harper199', ENCRYPTBYPASSPHRASE('ENCRYPTION_101', 'Harper199'), 'harper199@gmail.com', 'Employer')
GO

INSERT INTO recruiter.employers
VALUES
	('John','','Snow','PWC','Hiring Manager',3158790101,'john@gmail.com'),
	('Jack','','Sparrow','Infosys','Associate Hiring Manager',3158790102,'jack@gmail.com'),
	('Lily','','Smith','TCS','Hiring Manager',3158790100,'lily@gmail.com'),
	('Martha','','Stewart','Larsen Turbo','Associate Hiring Manager',3158790104,'Martha@gmail.com'),
	('Matthew','','Perry','Accenture','Hiring Manager',3158790105,'Matthew@gmail.com'),
	('Emily', '', 'Anderson', 'Microsoft', 'Hiring Manager', 3152388031, 'emily@gmail.com'),
	('Olivia', '', 'Johnson', 'Google', 'Associate Hiring Manager', 3152388032, 'olivia@gmail.com'),
	('Sophia', '', 'Williams', 'Amazon', 'Hiring Manager', 3152388033, 'sophia@gmail.com'),
	('James', '', 'Brown', 'Facebook', 'Associate Hiring Manager', 3152388034, 'james@gmail.com'),
	('Benjamin', '', 'Davis', 'Apple', 'Hiring Manager', 3152388035, 'benjamin@gmail.com'),
	('Lucas', '', 'Miller', 'Oracle', 'Associate Hiring Manager', 3152388036, 'lucas@gmail.com'),
	('William', '', 'Wilson', 'IBM', 'Hiring Manager', 3152388037, 'william1@gmail.com'),
	('Henry', '', 'Moore', 'Cisco', 'Associate Hiring Manager', 3152388038, 'henry@gmail.com'),
	('Alexander', '', 'Taylor', 'Intel', 'Hiring Manager', 3152388039, 'alexander@gmail.com'),
	('Emma', '', 'Anderson', 'JP Morgan', 'Hiring Manager', 3152388010, 'emma@gmail.com'),
	('Oliver', '', 'Johnson', 'Gooogle', 'Associate Hiring Manager', 3152388011, 'oliver@gmail.com'),
	('Elijah', '', 'Williams', 'Cognizant', 'Hiring Manager', 3152388012, 'elijah@gmail.com'),
	('Charlotte', '', 'Brown', 'NovaWave Technologies', 'Associate Hiring Manager', 3152388013, 'charlotte@gmail.com'),
	('Liam', '', 'Davis', 'Spectrum', 'Hiring Manager', 3152388014, 'liam@gmail.com'),
	('Ava', '', 'Miller', 'Insightful', 'Associate Hiring Manager', 3152388015, 'ava@gmail.com'),
	('Harper', '', 'Wilson', 'CyberForte', 'Hiring Manager', 3152388016, 'harper@gmail.com'),
	('Mia', '', 'Moore', 'StratoCore', 'Associate Hiring Manager', 3152388017, 'mia@gmail.com'),
	('Evelyn', '', 'Taylor', 'Intelectual Solutions', 'Hiring Manager', 3152388018, 'evelyn@gmail.com'),
	('Abigail', '', 'Anderson', 'Microsof', 'Hiring Manager', 3152388019, 'abigail@gmail.com'),
	('Michael', '', 'Johnson', 'Gogle', 'Associate Hiring Manager', 3152388020, 'michael@gmail.com'),
	('Jameson', '', 'Williams', 'Racks', 'Hiring Manager', 3152388021, 'jameson@gmail.com'),
	('Scarlett', '', 'Brown', 'Verizon', 'Associate Hiring Manager', 3152388022, 'scarlett@gmail.com'),
	('Grace', '', 'Davis', 'OptiMind Solutions', 'Hiring Manager', 3152388023, 'grace@gmail.com'),
	('Aiden', '', 'Miller', 'Insightful Systems', 'Associate Hiring Manager', 3152388024, 'aiden@gmail.com'),
	('Lucy', '', 'Wilson', 'CyberForte Technologies', 'Hiring Manager', 3152388025, 'lucy@gmail.com'),
	('Elizabeth', '', 'Moore', 'StratoCore Technologies', 'Associate Hiring Manager', 3152388026, 'elizabeth@gmail.com'),
	('Luke', '', 'Taylor', 'Intellectual Technologies', 'Hiring Manager', 3152388732, 'luke@gmail.com'),
	('Penelope', '', 'Anderson', 'Microsot', 'Hiring Manager', 3152388028, 'penelope@gmail.com'),
	('Luna', '', 'Johnson', 'Googlee', 'Associate Hiring Manager', 3152388029, 'luna@gmail.com'),
	('Madison', '', 'Williams', 'Zoriant', 'Hiring Manager', 3152388030, 'madison@gmail.com'),
	('Ella', '', 'Brown', 'TitanTech Innovations', 'Associate Hiring Manager', 3152388041, 'ella@gmail.com'),
	('William', '', 'Davis', 'Pulsetech', 'Hiring Manager', 3152388042, 'william@gmail.com'),
	('Aria', '', 'Miller', 'Vision', 'Associate Hiring Manager', 3152388043, 'aria@gmail.com'),
	('Sebastian', '', 'Wilson', 'Innovix Systems', 'Hiring Manager', 3152388044, 'sebastian@gmail.com'),
	('Avery', '', 'Moore', 'TechnoLink Solutions', 'Associate Hiring Manager', 3152388045, 'avery@gmail.com'),
	('Jackson', '', 'Taylor', 'Visionary Tech', 'Hiring Manager', 3152388074, 'jackson@gmail.com'),
	('Mila', '', 'Anderson', 'Micrsoft', 'Hiring Manager', 3152388047, 'mila@gmail.com'),
	('Grayson', '', 'Johnson', 'Mastek', 'Associate Hiring Manager', 3152388048, 'grayson@gmail.com'),
	('Evelyn', '', 'Williams', 'PNB', 'Hiring Manager', 3152388049, 'evelyn1@gmail.com'),
	('Henry', '', 'Brown', 'ProData Services', 'Associate Hiring Manager', 3152388050, 'henry1@gmail.com'),
	('Liam', '', 'Davis', 'Pulsetech Innovators', 'Hiring Manager', 3152388051, 'liam1@gmail.com'),
	('Nora', '', 'Miller', 'Vision Solutions', 'Associate Hiring Manager', 3152388052, 'nora@gmail.com'),
	('Harper', '', 'Wilson', 'FusionWave Corporation', 'Hiring Manager', 3152388053, 'harper1@gmail.com'),
	('Harper', '', 'Harrison', 'JOT', 'Associate Hiring Manager', 3152388054, 'harper189@gmail.com'),
	('Harper', '', 'Ford', 'Horizon Technologies', 'Hiring Manager', 3152388055, 'harper199@gmail.com')
GO

INSERT INTO recruiter.employer_address
VALUES
	('Columbus Street',3,4,11,1),
	('Carver Street',3,4,12,2),
	('Washington Street',3,4,13,3),
	('Jefferson Street',3,4,14,4),
	('Lincoln Street',3,4,11,5),
    ('Madison Avenue', 3, 4, 11, 6),
    ('Broadway Street', 3, 4, 12, 7),
    ('Smith Street', 3, 4, 13, 8),
    ('Johnson Avenue', 3, 4, 14, 9),
    ('Adams Lane', 3, 4, 11, 10),
    ('Monroe Street', 3, 4, 12, 11),
    ('Roosevelt Avenue',3, 4, 12, 12),
    ('Wilson Lane', 3, 4, 13, 13),
    ('Harrison Street',3, 4, 14, 14),
    ('Tyler Avenue', 3, 4, 11, 15),
    ('Franklin Lane', 3, 4, 11, 16),
    ('Jackson Street', 3, 4, 13, 17),
    ('Truman Avenue', 3, 4, 14, 18),
    ('Eisenhower Street', 4, 5, 12, 19),
    ('Kennedy Lane', 3, 4, 14, 20),
    ('Nixon Street', 3, 4, 11, 21),
    ('Reagan Avenue', 3, 4, 12, 22),
    ('Clinton Street', 3, 4, 13, 23),
    ('Bush Lane', 3, 4, 14, 24),
    ('Obama Avenue', 3, 4, 13, 25),
    ('Trump Street', 3, 4, 12, 26),
    ('Lincoln Avenue', 3, 4, 14, 27),
    ('Roosevelt Lane', 3, 4, 11, 28),
    ('Eisenhower Avenue', 3, 4, 14, 29),
    ('Kennedy Street', 3, 4, 13, 30),
    ('Nixon Avenue', 3, 4, 12, 31),
    ('Reagan Lane', 3, 4, 12, 32),
    ('Clinton Avenue', 3, 4, 13, 33),
    ('Bush Street', 3, 4, 14, 34),
    ('Obama Lane', 3, 4, 11, 35),
    ('Trump Avenue', 3, 4, 14, 36),
    ('Lincoln Lane', 3, 4, 11, 37),
    ('Harrison Avenue', 3, 4, 14, 38),
    ('Tyler Street', 3, 4, 11, 39),
    ('Franklin Avenue', 3, 4, 13, 40),
    ('Jackson Lane', 3, 4, 12, 41),
    ('Truman Street', 3, 4, 13, 42),
    ('Madison Lane', 3, 4, 14, 43),
    ('Broadway Avenue', 3, 4, 14, 44),
    ('Smith Lane', 3, 4, 11, 45),
    ('Johnson Street', 3, 4, 12, 46),
    ('Adams Avenue', 3, 4, 13, 47),
    ('Monroe Lane', 3, 4, 12, 48),
    ('Roosevelt Street', 3, 4, 14, 49),
    ('Wilson Avenue', 3, 4, 11, 50)
GO

INSERT INTO jobapps.jobs
VALUES
	('Data Engineer','Technical','We are looking for the position of Data Engineer','Annually',80000,120000,'2023-12-01','2023-12-24',1),
	('Data Analyst','Technical','We are looking for the position of Data Analyst','Annually',90000,130000,'2023-11-15','2023-12-29',2),
	('Business Analyst','Non-Technical','We are looking for the position of Business Analyst','Annually',60000,100000,'2023-11-30','2023-12-15',3),
	('Data Scientist','Technical','We are looking for the position of Data Scientist','Annually',80000,120000,'2023-11-07','2023-12-12',4),
	('Project Manager','Managerial','We are looking for the position of Project Manager','Annually',100000,160000,'2023-11-23','2024-01-07',5),
    ('Software Engineer', 'Technical', 'We are looking for a Software Engineer to join our team.', 'Annually', 90000, 140000, '2024-01-10', '2024-02-15', 6),
    ('UX Designer', 'Technical', 'We are hiring a UX Designer with a passion for user-centered design.', 'Annually', 85000, 130000, '2024-02-05', '2024-03-20', 7),
    ('Product Manager', 'Managerial', 'We are seeking a Product Manager to lead our product development efforts.', 'Annually', 110000, 170000, '2024-03-01', '2024-04-15', 8),
    ('Financial Analyst', 'Non-Technical', 'We are looking for a Financial Analyst to join our finance team.', 'Annually', 75000, 120000, '2024-04-10', '2024-05-25', 9),
    ('Sales Manager', 'Managerial', 'We are hiring a Sales Manager to lead our sales team.', 'Annually', 95000, 150000, '2024-05-15', '2024-06-30', 10),
    ('Software Developer', 'Technical', 'We are seeking a Software Developer to work on our cutting-edge projects.', 'Annually', 85000, 130000, '2024-06-01', '2024-07-15', 11),
    ('HR Specialist', 'Non-Technical', 'We are looking for an HR Specialist to support our HR department.', 'Annually', 70000, 110000, '2024-07-10', '2024-08-25', 12),
    ('Marketing Manager', 'Managerial', 'We are hiring a Marketing Manager to lead our marketing campaigns.', 'Annually', 100000, 160000, '2024-08-15', '2024-09-30', 13),
    ('Network Engineer', 'Technical', 'We are looking for a Network Engineer to manage our network infrastructure.', 'Annually', 90000, 140000, '2024-09-01', '2024-10-15', 14),
    ('Operations Manager', 'Managerial', 'We are seeking an Operations Manager to oversee our daily operations.', 'Annually', 105000, 165000, '2024-10-10', '2024-11-25', 15),
    ('Quality Assurance Analyst', 'Technical', 'We are looking for a QA Analyst to ensure the quality of our software.', 'Annually', 80000, 130000, '2024-11-01', '2024-12-15', 16),
    ('Legal Counsel', 'Non-Technical', 'We are hiring a Legal Counsel to provide legal expertise.', 'Annually', 95000, 150000, '2024-12-10', '2025-01-25', 17),
    ('Database Administrator', 'Technical', 'We are seeking a Database Administrator to manage our databases.', 'Annually', 85000, 135000, '2025-01-05', '2025-02-20', 18),
    ('Customer Support Specialist', 'Non-Technical', 'We are looking for a Customer Support Specialist to assist our customers.', 'Annually', 70000, 115000, '2025-02-01', '2025-03-15', 19),
    ('Product Designer', 'Technical', 'We are hiring a Product Designer to shape our product user experiences.', 'Annually', 88000, 140000, '2025-03-10', '2025-04-25', 20),
    ('Finance Manager', 'Managerial', 'We are seeking a Finance Manager to oversee financial operations.', 'Annually', 110000, 175000, '2025-04-01', '2025-05-15', 21),
    ('IT Support Specialist', 'Technical', 'We are looking for an IT Support Specialist to provide technical assistance.', 'Annually', 75000, 125000, '2025-05-10', '2025-06-25', 22),
    ('Content Writer', 'Non-Technical', 'We are hiring a Content Writer to create compelling content.', 'Annually', 70000, 115000, '2025-06-01', '2025-07-15', 23),
    ('Project Coordinate', 'Managerial', 'We are seeking a Project Coordinator to manage project schedules.', 'Annually', 80000, 130000, '2025-07-10', '2025-08-25', 24),
    ('UI Develope', 'Technical', 'We are looking for a UI Developer to enhance our user interfaces.', 'Annually', 85000, 135000, '2025-08-01', '2025-09-15', 25),
    ('Human Resources Manager', 'Managerial', 'We are hiring an HR Manager to lead our HR department.', 'Annually', 100000, 160000, '2025-09-10', '2025-10-25', 26),
    ('Network Administrator', 'Technical', 'We are seeking a Network Administrator to manage network systems.', 'Annually', 90000, 145000, '2025-10-01', '2025-11-15', 27),
    ('Operations Coordinator', 'Managerial', 'We are looking for an Operations Coordinator to support daily operations.', 'Annually', 80000, 130000, '2025-11-10', '2025-12-25', 28),
    ('Marketing Specialist', 'Non-Technical', 'We are hiring a Marketing Specialist to execute marketing campaigns.', 'Annually', 75000, 120000, '2025-12-01', '2026-01-15', 29),
    ('Software Tester', 'Technical', 'We are seeking a Software Tester to ensure software quality.', 'Annually', 85000, 135000, '2026-01-10', '2026-02-25', 30),
    ('Legal Advisor', 'Non-Technical', 'We are looking for a Legal Advisor to provide legal counsel.', 'Annually', 95000, 155000, '2026-02-01', '2026-03-15', 31),
    ('Database Analyst', 'Technical', 'We are hiring a Database Analyst to analyze and manage data.', 'Annually', 78000, 125000, '2026-03-10', '2026-04-25', 32),
    ('Customer Service Representative', 'Non-Technical', 'We are seeking a Customer Service Representative to assist customers.', 'Annually', 70000, 115000, '2026-04-01', '2026-05-15', 33),
    ('UX Researcher', 'Technical', 'We are looking for a UX Researcher to conduct user research.', 'Annually', 88000, 140000, '2026-05-10', '2026-06-25', 34),
    ('Finance Analyst', 'Non-Technical', 'We are hiring a Finance Analyst to analyze financial data.', 'Annually', 75000, 120000, '2026-06-01', '2026-07-15', 35),
    ('Project Analyst', 'Managerial', 'We are seeking a Project Analyst to assist in project management.', 'Annually', 80000, 130000, '2026-07-10', '2026-08-25', 36),
    ('UI/UX Designer', 'Technical', 'We are looking for a UI/UX Designer to create intuitive interfaces.', 'Annually', 90000, 145000, '2026-08-01', '2026-09-15', 37),
    ('Human Resources Specialiist', 'Non-Technical', 'We are hiring an HR Specialist to support HR functions.', 'Annually', 70000, 115000, '2026-09-10', '2026-10-25', 38),
    ('Network Specialist', 'Technical', 'We are seeking a Network Specialist to manage network infrastructure.', 'Annually', 85000, 135000, '2026-10-01', '2026-11-15', 39),
    ('Marketing Coordinator', 'Non-Technical', 'We are looking for a Marketing Coordinator to assist in marketing efforts.', 'Annually', 75000, 120000, '2026-11-01', '2026-12-15', 40),
    ('Software Quality Assurance Engineer', 'Technical', 'We are hiring a Software QA Engineer to ensure software quality.', 'Annually', 88000, 140000, '2026-12-10', '2027-01-25', 41),
    ('Legal Consultant', 'Non-Technical', 'We are seeking a Legal Consultant to provide legal guidance.', 'Annually', 95000, 155000, '2027-01-01', '2027-02-15', 42),
    ('Database Administrate', 'Technical', 'We are looking for a Database Administrator to manage databases.', 'Annually', 90000, 145000, '2027-02-01', '2027-03-15', 43),
    ('Customer Support Representative', 'Non-Technical', 'We are hiring a Customer Support Representative to assist customers.', 'Annually', 70000, 115000, '2027-03-10', '2027-04-25', 44),
    ('UX Designe', 'Technical', 'We are seeking a UX Designer to design user-friendly interfaces.', 'Annually', 88000, 140000, '2027-04-01', '2027-05-15', 45),
    ('Finance Coordinator', 'Non-Technical', 'We are looking for a Finance Coordinator to assist in financial operations.', 'Annually', 75000, 120000, '2027-05-10', '2027-06-25', 46),
    ('Project Coordinator', 'Managerial', 'We are hiring a Project Coordinator to manage project schedules.', 'Annually', 80000, 130000, '2027-06-01', '2027-07-15', 47),
    ('UI Developer', 'Technical', 'We are seeking a UI Developer to enhance user interfaces.', 'Annually', 85000, 135000, '2027-07-10', '2027-08-25', 48),
    ('Human Resources Specialist', 'Non-Technical', 'We are looking for an HR Specialist to support HR functions.', 'Annually', 70000, 115000, '2027-08-01', '2027-09-15', 49),
    ('Network Administrate', 'Technical', 'We are hiring a Network Administrator to manage network systems.', 'Annually', 90000, 145000, '2027-09-10', '2027-10-25', 50)
GO

INSERT INTO jobapps.job_qualifications
VALUES
	(2,2,1),
	(2,2,2),
	(2,5,3),
	(2,2,4),
	(2,1,5),
    (2, 1, 6),
    (2, 2, 7),
    (2, 3, 8),
    (2, 4, 9),
    (2, 5, 10),
    (2, 6, 11),
    (2, 7, 12),
    (2, 8, 13),
    (2, 9, 14),
    (2, 10, 15),
    (2, 11, 16),
    (2, 12, 17),
    (2, 13, 18),
    (2, 14, 19),
    (2, 15, 20),
    (2, 16, 21),
    (2, 17, 22),
    (2, 18, 23),
    (2, 19, 24),
    (2, 20, 25),
    (2, 21, 26),
    (2, 22, 27),
    (2, 23, 28),
    (2, 24, 29),
    (2, 25, 30),
    (2, 26, 31),
    (2, 27, 32),
    (2, 28, 33),
    (2, 29, 34),
    (2, 30, 35),
    (2, 31, 36),
    (2, 32, 37),
    (2, 33, 38),
    (2, 34, 39),
    (2, 35, 40),
    (2, 36, 41),
    (2, 37, 42),
    (2, 38, 43),
    (2, 39, 44),
    (2, 40, 45),
    (2, 41, 46),
    (2, 42, 47),
    (2, 43, 48),
    (2, 44, 49),
    (2, 45, 50)
GO

INSERT INTO jobapps.job_applications
VALUES
	(1,1,'Received'),
	(1,2,'Received'),
	(1,4,'Received'),
	(2,2,'Received'),
	(2,1,'Received'),
	(2,4,'Received'),
	(3,4,'Received'),
	(3,5,'Received'),
	(3,1,'Received'),
	(4,5,'Received'),
	(4,4,'Received'),
	(5,3,'Received'),
	(5,5,'Received'),
    (1, 3, 'Received'),
    (1, 5, 'Received'),
    (2, 3, 'Received'),
    (2, 5, 'Received'),
    (3, 2, 'Received'),
    (3, 3, 'Received'),
    (4, 1, 'Received'),
    (4, 2, 'Received'),
    (5, 4, 'Received'),
    (5, 1, 'Received'),
    (6, 4, 'Received'),
    (6, 5, 'Received'),
    (7, 2, 'Received'),
    (7, 4, 'Received'),
    (8, 3, 'Received'),
    (8, 5, 'Received'),
    (9, 1, 'Received'),
    (9, 2, 'Received'),
    (10, 3, 'Received'),
    (10, 4, 'Received'),
    (11, 5, 'Received'),
    (11, 1, 'Received'),
    (12, 2, 'Received'),
    (12, 3, 'Received'),
    (13, 4, 'Received'),
    (13, 5, 'Received'),
    (14, 1, 'Received'),
    (14, 2, 'Received'),
    (15, 3, 'Received'),
    (15, 4, 'Received'),
    (16, 5, 'Received'),
    (16, 1, 'Received'),
    (17, 2, 'Received'),
    (17, 3, 'Received'),
    (18, 4, 'Received'),
    (18, 5, 'Received'),
    (19, 1, 'Received'),
    (19, 2, 'Received'),
    (20, 3, 'Received'),
    (20, 4, 'Received'),
    (21, 5, 'Received'),
    (21, 1, 'Received'),
    (22, 2, 'Received'),
    (22, 3, 'Received'),
    (23, 4, 'Received'),
    (23, 5, 'Received'),
    (24, 1, 'Received'),
    (24, 2, 'Received'),
    (25, 3, 'Received'),
    (25, 4, 'Received'),
    (26, 5, 'Received'),
    (26, 1, 'Received'),
    (27, 2, 'Received'),
    (27, 3, 'Received'),
    (28, 4, 'Received'),
    (28, 5, 'Received'),
    (29, 1, 'Received'),
    (29, 2, 'Received'),
    (30, 3, 'Received'),
    (30, 4, 'Received'),
    (31, 5, 'Received'),
    (31, 1, 'Received'),
    (32, 2, 'Received'),
    (32, 3, 'Received'),
    (33, 4, 'Received'),
    (33, 5, 'Received'),
    (34, 1, 'Received'),
    (34, 2, 'Received'),
    (35, 3, 'Received'),
    (35, 4, 'Received'),
    (36, 5, 'Received'),
    (36, 1, 'Received'),
    (37, 2, 'Received'),
    (37, 3, 'Received'),
    (38, 4, 'Received'),
    (38, 5, 'Received'),
    (39, 1, 'Received'),
    (39, 2, 'Received'),
    (40, 3, 'Received'),
    (40, 4, 'Received'),
    (41, 5, 'Received'),
    (41, 1, 'Received'),
    (42, 2, 'Received'),
    (42, 3, 'Received'),
    (43, 4, 'Received'),
    (43, 5, 'Received'),
    (44, 1, 'Received'),
    (44, 2, 'Received'),
    (45, 3, 'Received'),
    (45, 4, 'Received'),
    (46, 5, 'Received'),
    (46, 1, 'Received'),
    (47, 2, 'Received'),
    (47, 3, 'Received'),
    (48, 4, 'Received'),
    (48, 5, 'Received'),
    (49, 1, 'Received'),
    (49, 2, 'Received'),
    (50, 3, 'Received'),
    (50, 4, 'Received')
GO	